{"class":0.4820285574,"cap-shape":3.3481043821,"cap-surface":1.827671098,"cap-color":4.5046774988,"bruises":0.415558838,"odor":4.1447562777,"gill-attachment":0.9741506647,"gill-spacing":0.1614967996,"gill-size":0.3092072871,"gill-color":4.8106843919,"stalk-shape":0.5672082718,"stalk-root":1.109798129,"stalk-surface-above-ring":1.5750861645,"stalk-surface-below-ring":1.6036435254,"stalk-color-above-ring":5.8163466273,"stalk-color-below-ring":5.7946824225,"veil-type":0.0,"veil-color":1.9655342196,"ring-number":1.0694239291,"ring-type":2.2919743968,"spore-print-color":3.5967503693,"population":3.6440177253,"habitat":1.5086164451}