{"cap-shape":{"0":3.2661596958,"1":3.4361593463},"cap-surface":{"0":1.6159695817,"1":2.0551583248},"cap-color":{"0":4.5817490494,"1":4.4218590398},"bruises":{"0":0.6539923954,"1":0.1593462717},"odor":{"0":4.3346007605,"1":3.9407558733},"gill-attachment":{"0":0.9543726236,"1":0.9954034729},"gill-spacing":{"0":0.2851711027,"1":0.0286006129},"gill-size":{"0":0.0684410646,"1":0.5679264556},"gill-color":{"0":6.6226235741,"1":2.8636363636},"stalk-shape":{"0":0.6159695817,"1":0.5148110317},"stalk-root":{"0":1.4980988593,"1":0.6925434116},"stalk-surface-above-ring":{"0":1.7756653992,"1":1.3595505618},"stalk-surface-below-ring":{"0":1.7984790875,"1":1.3942798774},"stalk-color-above-ring":{"0":6.0988593156,"1":5.5127681307},"stalk-color-below-ring":{"0":6.0646387833,"1":5.5045965271},"veil-type":{"0":0.0,"1":0.0},"veil-color":{"0":1.9315589354,"1":2.0020429009},"ring-number":{"0":1.1254752852,"1":1.0091930541},"ring-type":{"0":3.0076045627,"1":1.5229826353},"spore-print-color":{"0":3.2015209125,"1":4.0214504597},"population":{"0":3.283269962,"1":4.0316649642},"habitat":{"0":1.1482889734,"1":1.8958120531}}